{
  "version": "1.0.0",
  "timestamp": "20251020_205731",
  "metrics": {
    "accuracy": 0.9775784753363229,
    "precision": 1.0,
    "recall": 0.8322147651006712,
    "f1_score": 0.9084249084249084,
    "roc_auc": 0.9903358483749496,
    "confusion_matrix": [
      [
        966,
        0
      ],
      [
        25,
        124
      ]
    ],
    "classification_report": {
      "ham": {
        "precision": 0.9747729566094854,
        "recall": 1.0,
        "f1-score": 0.9872253449156873,
        "support": 966.0
      },
      "spam": {
        "precision": 1.0,
        "recall": 0.8322147651006712,
        "f1-score": 0.9084249084249084,
        "support": 149.0
      },
      "accuracy": 0.9775784753363229,
      "macro avg": {
        "precision": 0.9873864783047427,
        "recall": 0.9161073825503356,
        "f1-score": 0.9478251266702978,
        "support": 1115.0
      },
      "weighted avg": {
        "precision": 0.9781441041118949,
        "recall": 0.9775784753363229,
        "f1-score": 0.9766950623711795,
        "support": 1115.0
      }
    }
  },
  "acceptance_criteria": {
    "f1_score_target": 0.92,
    "f1_score_achieved": 0.9084249084249084,
    "passed": false
  }
}