{
  "version": "1.0.0",
  "timestamp": "20251020_205730",
  "metrics": {
    "accuracy": 0.9775784753363229,
    "precision": 1.0,
    "recall": 0.8322147651006712,
    "f1_score": 0.9084249084249084,
    "roc_auc": 0.9903358483749496,
    "confusion_matrix": [
      [
        966,
        0
      ],
      [
        25,
        124
      ]
    ],
    "classification_report": {
      "ham": {
        "precision": 0.9747729566094854,
        "recall": 1.0,
        "f1-score": 0.9872253449156873,
        "support": 966.0
      },
      "spam": {
        "precision": 1.0,
        "recall": 0.8322147651006712,
        "f1-score": 0.9084249084249084,
        "support": 149.0
      },
      "accuracy": 0.9775784753363229,
      "macro avg": {
        "precision": 0.9873864783047427,
        "recall": 0.9161073825503356,
        "f1-score": 0.9478251266702978,
        "support": 1115.0
      },
      "weighted avg": {
        "precision": 0.9781441041118949,
        "recall": 0.9775784753363229,
        "f1-score": 0.9766950623711795,
        "support": 1115.0
      }
    }
  },
  "model_params": {
    "C": 1.0,
    "class_weight": null,
    "random_state": 42,
    "max_iter": 1000,
    "solver": "lbfgs"
  },
  "vectorizer_params": {
    "max_features": 5000,
    "ngram_range": [
      1,
      1
    ],
    "min_df": 2,
    "max_df": 0.95,
    "use_idf": true,
    "sublinear_tf": false,
    "lowercase": true
  }
}