{
  "version": "3.0.0",
  "timestamp": "20251020_205815",
  "metrics": {
    "accuracy": 0.9865470852017937,
    "precision": 0.958904109589041,
    "recall": 0.9395973154362416,
    "f1_score": 0.9491525423728814,
    "roc_auc": 0.9923298178331735,
    "confusion_matrix": [
      [
        960,
        6
      ],
      [
        9,
        140
      ]
    ],
    "classification_report": {
      "ham": {
        "precision": 0.9907120743034056,
        "recall": 0.9937888198757764,
        "f1-score": 0.9922480620155039,
        "support": 966.0
      },
      "spam": {
        "precision": 0.958904109589041,
        "recall": 0.9395973154362416,
        "f1-score": 0.9491525423728814,
        "support": 149.0
      },
      "accuracy": 0.9865470852017937,
      "macro avg": {
        "precision": 0.9748080919462233,
        "recall": 0.966693067656009,
        "f1-score": 0.9707003021941927,
        "support": 1115.0
      },
      "weighted avg": {
        "precision": 0.9864615032339524,
        "recall": 0.9865470852017937,
        "f1-score": 0.9864891091664,
        "support": 1115.0
      }
    }
  },
  "model_params": {
    "C": 2.0,
    "class_weight": "balanced",
    "random_state": 42,
    "solver": "liblinear",
    "penalty": "l2",
    "max_iter": 3000,
    "tol": 0.0001
  },
  "vectorizer_params": {
    "max_features": 10000,
    "ngram_range": [
      1,
      3
    ],
    "min_df": 2,
    "max_df": 0.9,
    "use_idf": true,
    "sublinear_tf": true,
    "lowercase": true,
    "strip_accents": "unicode",
    "token_pattern": "\\b\\w+\\b",
    "norm": "l2"
  }
}